{
  "avl": {
    "insert": {
      "random_10000": 0.11741059999985737,
      "random_50000": 0.609262400001171,
      "random_100000": 1.3836018000001786,
      "random_500000": 8.661485799999355,
      "random_1000000": 37.574636099998315,
      "random_5000000": 222.56319820000135,
      "random_10000000": 501.4247326000004,
      "sequential_10000": 0.27372770000147284,
      "sequential_50000": 1.4073989000025904,
      "sequential_100000": 2.5469784999986587,
      "sequential_500000": 12.790719100001297,
      "sequential_1000000": 71.24973589999718,
      "sequential_5000000": 201.41928390000248,
      "sequential_10000000": 392.85974169999827
    },
    "search": {
      "random_10000": 0.00310189999800059,
      "random_50000": 0.02077859999917564,
      "random_100000": 0.04768770000009681,
      "random_500000": 0.03821549999702256,
      "random_1000000": 0.03692059999957564,
      "random_5000000": 0.081489899999724,
      "random_10000000": 0.04935280000063358,
      "sequential_10000": 0.001906299999973271,
      "sequential_50000": 0.02593699999852106,
      "sequential_100000": 0.04937470000004396,
      "sequential_500000": 0.043956199999229284,
      "sequential_1000000": 0.02779050000026473,
      "sequential_5000000": 0.043075300000054995,
      "sequential_10000000": 0.05745369999931427
    },
    "delete": {
      "random_10000": 0.0076249999983701855,
      "random_50000": 0.053483699997741496,
      "random_100000": 0.09618209999825922,
      "random_500000": 0.13058590000218828,
      "random_1000000": 0.16249620000235154,
      "random_5000000": 0.1660234999981185,
      "random_10000000": 0.21695920000274782,
      "sequential_10000": 0.009950599996955134,
      "sequential_50000": 0.0747737000019697,
      "sequential_100000": 0.12956149999808986,
      "sequential_500000": 0.10467090000020107,
      "sequential_1000000": 0.12676619999911054,
      "sequential_5000000": 0.17656580000038957,
      "sequential_10000000": 0.6480926000003819
    },
    "mixed": {}
  },
  "rb": {
    "insert": {
      "random_10000": 0.02568539999992936,
      "random_50000": 0.19445099999938975,
      "random_100000": 0.4733282000015606,
      "random_500000": 3.5551162000010663,
      "random_1000000": 13.477717500001745,
      "random_5000000": 81.96023159999822,
      "random_10000000": 179.11174720000054,
      "sequential_10000": 0.07955550000042422,
      "sequential_50000": 0.7105459999984305,
      "sequential_100000": 1.1490015000017593,
      "sequential_500000": 6.4292170999979135,
      "sequential_1000000": 14.747940000001108,
      "sequential_5000000": 58.96517169999788,
      "sequential_10000000": 180.3337100000026
    },
    "search": {
      "random_10000": 0.003067899997404311,
      "random_50000": 0.04645239999808837,
      "random_100000": 0.03064780000204337,
      "random_500000": 0.03149149999808287,
      "random_1000000": 0.047335999999631895,
      "random_5000000": 0.08265910000045551,
      "random_10000000": 0.055344299998978386,
      "sequential_10000": 0.001992400000744965,
      "sequential_50000": 0.014104000001680106,
      "sequential_100000": 0.03715929999816581,
      "sequential_500000": 0.027029000000766246,
      "sequential_1000000": 0.05502540000088629,
      "sequential_5000000": 0.10567129999981262,
      "sequential_10000000": 0.06701470000189147
    },
    "delete": {
      "random_10000": 0.0018091000019921921,
      "random_50000": 0.011617600001045503,
      "random_100000": 0.02849659999992582,
      "random_500000": 0.04338689999713097,
      "random_1000000": 0.04235960000005434,
      "random_5000000": 0.05171140000311425,
      "random_10000000": 0.09689760000037495,
      "sequential_10000": 0.005518299996765563,
      "sequential_50000": 0.026206500002444955,
      "sequential_100000": 0.046677599999384256,
      "sequential_500000": 0.05682619999788585,
      "sequential_1000000": 0.07731910000075004,
      "sequential_5000000": 0.08686980000129552,
      "sequential_10000000": 0.10599379999985103
    },
    "mixed": {}
  },
  "splay": {
    "insert": {
      "random_10000": 0.0775893999998516,
      "random_50000": 0.519421400000283,
      "random_100000": 1.2498081000012462,
      "random_500000": 13.955960100000084,
      "random_1000000": 32.72073829999863,
      "random_5000000": 221.12037620000046,
      "random_10000000": 433.95564220000233,
      "sequential_10000": 0.016681299999618204,
      "sequential_50000": 0.10867199999847799,
      "sequential_100000": 0.2250328999980411,
      "sequential_500000": 0.8971425999989151,
      "sequential_1000000": 3.8159852999997383,
      "sequential_5000000": 25.192721799998253,
      "sequential_10000000": 46.52028159999827
    },
    "search": {
      "random_10000": 0.036208599998644786,
      "random_50000": 0.10795109999889974,
      "random_100000": 0.1683259999990696,
      "random_500000": 0.13223400000060792,
      "random_1000000": 0.2712045999978727,
      "random_5000000": 0.37623420000090846,
      "random_10000000": 0.18212530000164406,
      "sequential_10000": 0.010889300003327662,
      "sequential_50000": 0.18453589999990072,
      "sequential_100000": 0.1448220999991463,
      "sequential_500000": 1.0970062999986112,
      "sequential_1000000": 0.8330887000010989,
      "sequential_5000000": 5.979492900001787,
      "sequential_10000000": 9.287111599998752
    },
    "delete": {
      "random_10000": 0.012817300001188414,
      "random_50000": 0.04932290000215289,
      "random_100000": 0.12380269999994198,
      "random_500000": 0.15357439999934286,
      "random_1000000": 0.22860450000007404,
      "random_5000000": 0.23934419999932288,
      "random_10000000": 0.3000205999996979,
      "sequential_10000": 0.03413670000009006,
      "sequential_50000": 0.10121179999987362,
      "sequential_100000": 0.31163480000031996,
      "sequential_500000": 0.5279596000000311,
      "sequential_1000000": 0.8587432999993325,
      "sequential_5000000": 4.210150200000498,
      "sequential_10000000": 8.786496200002148
    },
    "mixed": {}
  }
}