{
  "avl": {
    "insert": {},
    "search": {
      "skewed_10000": 0.0021617999991576653,
      "skewed_50000": 0.014449700000113808,
      "skewed_100000": 0.05867439999929047,
      "skewed_500000": 0.050871100000222214,
      "skewed_1000000": 0.048204499998973915,
      "skewed_5000000": 0.0763574000011431,
      "skewed_10000000": 0.05284930000198074
    },
    "delete": {},
    "mixed": {}
  },
  "rb": {
    "insert": {},
    "search": {
      "skewed_10000": 0.0022653999985777773,
      "skewed_50000": 0.011958299997786526,
      "skewed_100000": 0.04290430000037304,
      "skewed_500000": 0.055663800001639174,
      "skewed_1000000": 0.03370290000020759,
      "skewed_5000000": 0.041412800001126016,
      "skewed_10000000": 0.06422260000181268
    },
    "delete": {},
    "mixed": {}
  },
  "splay": {
    "insert": {},
    "search": {
      "skewed_10000": 0.006591099998331629,
      "skewed_50000": 0.0506494000001112,
      "skewed_100000": 0.09370149999813293,
      "skewed_500000": 0.16938830000071903,
      "skewed_1000000": 0.11850340000091819,
      "skewed_5000000": 0.15719000000171945,
      "skewed_10000000": 0.17257139999856008
    },
    "delete": {},
    "mixed": {}
  }
}