{
  "avl": {
    "insert": {
      "random_1000": 0.008020900000701658,
      "random_5000": 0.0718949000001885
    },
    "search": {},
    "delete": {},
    "mixed": {}
  },
  "rb": {
    "insert": {
      "random_1000": 0.0025726000021677464,
      "random_5000": 0.013247700000647455
    },
    "search": {},
    "delete": {},
    "mixed": {}
  },
  "splay": {
    "insert": {
      "random_1000": 0.0072958999990078155,
      "random_5000": 0.05495699999664794
    },
    "search": {},
    "delete": {},
    "mixed": {}
  }
}